Exercise 10

How many Address Book Entries are listed as born before February 12th of 1982?

mysql> select count(*) from Entry where birthday<'1982-02-12';
+----------+
| count(*) |
+----------+
|     2687 |
+----------+
1 row in set (0.00 sec)





How many Address Book Entries are listed as born on or after January 1st of 1965?

mysql> select count(*) from Entry where birthday>='1965-01-01';
+----------+
| count(*) |
+----------+
|     2597 |
+----------+
1 row in set (0.00 sec)



Which Address Book Entry is listed as being the oldest of age?

mysql> select * from Entry order by birthday limit 1;
+------+---------------+-----------+----------+---------------------+-------+---------+----------------+----------------+------------------+-----------------+-----------------+
| id   | addressBookId | firstName | lastName | birthday            | type  | subtype | contentLineOne | contentLineTwo | contentLineThree | contentLineFour | contentLineFive |
+------+---------------+-----------+----------+---------------------+-------+---------+----------------+----------------+------------------+-----------------+-----------------+
| 2260 |            93 | Abigail   | Rollins  | 1945-09-02 09:21:58 | other | address | 194 Non Road   | Berlin         | Berlin           | Bolivia         | 791155          |
+------+---------------+-----------+----------+---------------------+-------+---------+----------------+----------------+------------------+-----------------+-----------------+
1 row in set (0.00 sec)